TIME;POSITION;WEIGHT;SPEED
TIME;POSITION;WEIGHT;SPEED
25.653931856155396;0.013430989347398281;-0.003245563432574272;0.0
25.685790300369263;0.013430989347398281;0.026109682023525236;0.0
25.718347787857056;0.013430989347398281;-0.04198149964213371;0.0
25.752328157424927;0.013430989347398281;0.17216329872608185;0.0
25.781283378601074;0.013430989347398281;-0.041311115026474;0.0
25.80925488471985;0.013430989347398281;-0.04011007212102413;0.0
25.839895248413086;0.013430989347398281;-0.04075996801257133;0.0
25.86871027946472;0.013430989347398281;0.029616174101829526;0.0
25.898360013961792;0.013430989347398281;0.12434293180704116;0.0
25.926652193069458;0.013430989347398281;-0.03939841501414776;0.0
25.972115993499756;0.013430989347398281;-0.07817097008228302;0.0
26.002599716186523;0.013430989347398281;0.016084054112434385;0.0
26.025603771209717;0.013430989347398281;-0.04078678339719772;0.0
26.05150008201599;0.013430989347398281;0.008238418400287629;0.0
26.108612060546875;0.013430989347398281;0.35035118758678435;0.002771993782231249
26.127967834472656;0.013430989347398281;-0.1151830404996872;0.002771993782231249
26.151180028915405;0.013430989347398281;0.20574490427970885;0.002771993782231249
26.17521071434021;0.013841145671904087;0.6304333806037903;0.0009239980155297171
26.199448108673096;0.014082031324505806;0.5053546249866485;0.0
26.223055362701416;0.014082031324505806;0.25196674168109895;-0.001847995766701532
26.250640153884888;0.01406249962747097;-0.3935021907091141;-0.0018479958988804831
26.27342653274536;0.013847656548023224;-0.504411506652832;-0.0009239980155297171
26.297765254974365;0.013476562686264515;-0.6986313343048095;0.0
26.32325506210327;0.013333333656191826;-0.20290325134992598;0.0
26.348471641540527;0.013430989347398281;-0.07095859050750732;0.002771993782231249
26.371788024902344;0.013430989347398281;0.08684355765581131;0.002771993782231249
26.396629571914673;0.013821614906191826;0.6973702132701873;0.0009239980155297171
26.419729948043823;0.013938802294433117;0.7929000914096832;0.0009239980155297171
26.442529678344727;0.01416015625;0.3978843569755554;0.0
26.467578411102295;0.014088541269302368;0.5430905163288117;0.0
26.486827611923218;0.01380208320915699;0.5788723111152648;0.0018479958988804831
26.507286310195923;0.013430989347398281;0.1543785363435745;0.002771993782231249
26.52659845352173;0.013430989347398281;0.060111710429191584;0.0
26.546611785888672;0.013430989347398281;-0.012760931253433227;0.0
26.56699562072754;0.013385416939854622;-0.3828187376260757;0.0
26.58644986152649;0.013847656548023224;-0.46812846064567565;-0.0018479958988804831
26.605549573898315;0.01406249962747097;0.2880243748426437;-0.002771993782231249
26.626508474349976;0.014134114608168602;0.3545361042022705;0.0
26.648022651672363;0.014082031324505806;0.632699579000473;0.0
26.66728901863098;0.013430989347398281;0.2707404613494873;0.002771993782231249
26.68875741958618;0.013430989347398281;0.06623097583651542;0.002771993782231249
26.707896947860718;0.013430989347398281;0.06591353639960289;0.0
26.72695016860962;0.013385416939854622;-0.3264101386070251;0.0
26.746811389923096;0.013554687611758709;-0.5649901628494263;-0.0009239980155297171
26.76743721961975;0.01406249962747097;-0.0380993440747261;-0.002771993782231249
26.78859853744507;0.014140624552965164;0.3007647067308426;-0.002771993782231249
26.80919647216797;0.014153645373880863;0.5787817060947418;0.0
26.828779458999634;0.013430989347398281;0.0015265356749296188;0.002771993782231249
26.849056482315063;0.013430989347398281;0.03283018134534359;0.0
26.868481874465942;0.013430989347398281;0.0329061783850193;0.0
26.88944697380066;0.013417968526482582;-0.3223798781633377;0.0
26.915831327438354;0.013430989347398281;-0.11545929461717605;0.0
26.940214157104492;0.013430989347398281;0.11545358151197432;0.0
26.96375584602356;0.013430989347398281;-0.01630502790212631;0.0
26.98774814605713;0.013430989347398281;0.030467450246214865;0.0
27.00480008125305;0.013424479402601719;-0.44647699892520903;-0.0009239980155297171
27.023747444152832;0.01406249962747097;0.2786936670541763;-0.002771993782231249
27.0410315990448;0.013535155914723873;0.6172060132026672;0.0009239980155297171
27.058627367019653;0.013430989347398281;0.13559896945953367;0.0
27.06533122062683;0.013430989347398281;0.47204523682594296;0.002771993782231249
27.092220544815063;0.014147135429084301;0.40429236888885495;-0.002771993782231249
27.153939485549927;0.013430989347398281;0.015261943638324737;0.0
27.17863368988037;0.013430989347398281;-0.009864412061870097;0.0
27.200933694839478;0.013430989347398281;-0.05637975856661796;0.0
27.226935386657715;0.013430989347398281;0.21972617357969282;0.0
27.25028657913208;0.013430989347398281;-0.05452940315008163;0.0
27.272342205047607;0.013346354477107525;-0.09121932685375213;0.0
27.29562258720398;0.013391926884651184;-0.24238524734973907;0.0
27.31860613822937;0.013398437760770321;-0.3619365334510803;0.0
27.34008502960205;0.013691406697034836;-0.49335334897041316;0.0
27.366010189056396;0.013398437760770321;-0.2792374581098556;0.0
27.38851308822632;0.013691406697034836;-0.31329848170280455;-0.0009239980155297171
27.412591695785522;0.013385416939854622;-0.336654594540596;0.0
27.43384861946106;0.01406249962747097;0.18031225204467774;-0.002771993782231249
27.45356011390686;0.013821614906191826;0.6241758942604064;0.0018479958988804831
27.47170329093933;0.013430989347398281;0.18079836219549178;0.0
27.49050235748291;0.013430989347398281;-0.012692072242498397;0.0
27.512305736541748;0.013372396118938923;-0.3239169716835022;0.0
27.536040544509888;0.013359375298023224;-0.3373193800449371;0.0
27.55906081199646;0.013671875;-0.46733667254447936;-0.0009239980155297171
27.58248543739319;0.01406249962747097;0.041421031951904295;-0.0018479958988804831
27.60763430595398;0.01406249962747097;-0.3142418146133423;-0.0018479958988804831
27.631349563598633;0.014134114608168602;0.26995323300361634;-0.002771993782231249
27.654470920562744;0.014095052145421505;0.4758067667484283;0.0
27.679595947265625;0.01407552044838667;0.7010476291179657;0.0
27.70411491394043;0.014016927219927311;0.7248114109039306;0.0009239980155297171
27.72723913192749;0.013430989347398281;0.6697546184062958;0.0018479958988804831
27.751448154449463;0.013430989347398281;0.10665681436657905;0.002771993782231249
27.774076461791992;0.013430989347398281;0.18577808439731597;0.0
27.79783058166504;0.013430989347398281;0.10532087311148643;0.0
27.822964429855347;0.013430989347398281;0.17714481800794601;0.0
27.846401929855347;0.013430989347398281;0.10419400334358214;0.0
27.870033502578735;0.013430989347398281;0.042336972802877425;0.0
27.89504313468933;0.013333333656191826;-0.08261630237102509;0.0
27.920594215393066;0.013404947705566883;-0.16434036791324616;0.0
27.94587516784668;0.013378906063735485;-0.3307242304086685;0.0
27.969442129135132;0.014134114608168602;0.6409262895584106;-0.002771993782231249
27.99327826499939;0.014082031324505806;0.44212310314178466;0.0
28.014618635177612;0.013873698189854622;0.6395715057849883;0.0009239980155297171
28.034178256988525;0.013430989347398281;0.1953815460205078;0.0
28.05332374572754;0.013352864421904087;-0.09192502945661545;0.0
28.072341203689575;0.013847656548023224;-0.291106903553009;-0.0018479958988804831
28.091383695602417;0.014153645373880863;0.4284893542528152;-0.000923997883350766
28.115079641342163;0.013958333060145378;0.7856979846954345;0.0009239980155297171
28.136292219161987;0.013430989347398281;-0.25399811267852784;0.0
28.194193363189697;0.014069010503590107;0.5947703003883361;0.0
28.217344522476196;0.013430989347398281;0.05113791078329086;0.002771993782231249
28.23981547355652;0.013430989347398281;0.08220067396759986;0.0
28.266082286834717;0.013430989347398281;0.2024334892630577;0.0
28.289175271987915;0.013430989347398281;0.15504711717367173;0.0
28.31325912475586;0.013333333656191826;-0.01288076564669609;0.0
28.339107751846313;0.013352864421904087;0.06612557843327523;0.0
28.36444330215454;0.013404947705566883;-0.05088503882288933;0.0
28.388033628463745;0.013632812537252903;-0.44466202855110165;-0.0009239980155297171
28.410990715026855;0.014153645373880863;0.6210743486881256;-0.002771993782231249
28.43599772453308;0.013535155914723873;0.7746875166893005;0.0009239980155297171
28.45897626876831;0.013430989347398281;0.11614594012498855;0.0
28.483233213424683;0.013430989347398281;0.09388606622815132;0.0
28.506370306015015;0.013430989347398281;0.10378276035189628;0.0
28.53211522102356;0.013430989347398281;0.16083225309848784;0.0
28.555083990097046;0.013457030989229679;-0.4086844325065613;0.0
28.58097815513611;0.01406249962747097;-0.28816967010498046;-0.0018479958988804831
28.60505700111389;0.014016927219927311;0.7668003737926483;0.0
28.628159046173096;0.013430989347398281;0.06612649038434028;0.002771993782231249
28.653056621551514;0.013430989347398281;0.1497336074709892;0.0
28.6764132976532;0.013430989347398281;0.0021860942244529722;0.0
28.700237274169922;0.013430989347398281;0.0869403451681137;0.0
28.723058700561523;0.013710937462747097;-0.12627783715724944;-0.0009239980155297171
28.747199296951294;0.013997395522892475;0.8153808653354644;0.0009239980155297171
28.772286653518677;0.013430989347398281;0.14735120236873625;0.002771993782231249
28.795819520950317;0.013430989347398281;0.13634709119796753;0.0
28.819911003112793;0.013430989347398281;0.21900228559970855;0.0
28.843421697616577;0.013365885242819786;-0.008068849146366118;0.0
28.868038177490234;0.014088541269302368;0.14936666786670685;-0.0018479958988804831
28.89105248451233;0.013430989347398281;0.11427049934864043;0.002771993782231249
28.915907382965088;0.013430989347398281;0.03552787005901337;0.0
28.93874955177307;0.013430989347398281;0.15125754475593567;0.0
28.96422266960144;0.013333333656191826;-0.2652359247207641;0.0
28.98897886276245;0.014095052145421505;0.6449431121349335;-0.002771993782231249
29.01397943496704;0.013430989347398281;0.10376945659518241;0.002771993782231249
29.031757354736328;0.013430989347398281;0.18632253259420395;0.0
29.050299882888794;0.014095052145421505;0.7415228605270385;-0.002771993782231249
29.069491147994995;0.013430989347398281;0.19595468044281006;0.0
29.088287353515625;0.013365885242819786;0.07465238124132156;0.0
29.10850691795349;0.014121093787252903;0.5640935003757477;-0.002771993782231249
29.131043910980225;0.01406249962747097;0.31111875772476194;0.0
29.151212453842163;0.01406249962747097;0.21795064508914946;0.0
29.168971061706543;0.014479166828095913;-0.011701896227896214;-0.002771993782231249
29.228041172027588;0.014479166828095913;0.30243360400199887;0.0
29.24555730819702;0.013828124850988388;-0.16381468176841735;0.001847995766701532
29.263242483139038;0.013971353881061077;-0.31391815245151516;-0.0018479958988804831
29.26875901222229;0.013847656548023224;0.10311096757650375;0.0
29.28943657875061;0.013847656548023224;0.27928581833839417;0.0
29.311034679412842;0.013847656548023224;0.26485204696655273;0.0
29.336222648620605;0.013847656548023224;0.21159697473049163;0.0
29.358519315719604;0.013847656548023224;0.35828392803668974;0.0
29.38325023651123;0.013847656548023224;0.21354213953018186;0.0
29.40604043006897;0.013847656548023224;0.3004962712526321;0.0
29.431183338165283;0.013847656548023224;0.2689788669347763;0.002771993782231249
29.455432653427124;0.014570312574505806;0.7792487204074859;0.0
29.480787754058838;0.014479166828095913;0.44596099555492397;0.0
29.503312349319458;0.014479166828095913;0.3521755188703537;0.0
29.528221368789673;0.014895833097398281;0.5119757115840912;0.0
29.552704572677612;0.015312500298023224;0.5220032572746277;0.0
29.57536292076111;0.015312500298023224;0.5641836762428284;0.0
29.6009042263031;0.015312500298023224;0.5227084636688232;0.0
29.623212337493896;0.015546875074505806;0.8149100303649902;0.0
29.649089336395264;0.015729166567325592;0.689242959022522;0.0
29.672691106796265;0.01656249910593033;0.7130530357360839;0.0
29.697197914123535;0.01712890714406967;1.0832191228866577;0.000923997883350766
29.722416639328003;0.01825520768761635;1.349713969230652;0.000923997883350766
29.745319366455078;0.019088542088866234;1.3125037908554076;0.0
29.768441438674927;0.019062500447034836;1.253615355491638;0.0
29.791052103042603;0.019062500447034836;1.1940592646598815;0.0
29.814011335372925;0.019062500447034836;1.364854073524475;0.0
29.837212324142456;0.019062500447034836;1.3417700171470641;0.000923997883350766
29.859987258911133;0.01884765550494194;1.6087145090103148;0.002771993782231249
29.885042905807495;0.01884765550494194;1.3047032833099366;0.0
29.907954931259155;0.01884765550494194;1.3881948709487915;0.0
29.932284355163574;0.01884765550494194;1.3945199489593505;0.0
29.956193447113037;0.01884765550494194;1.8847050189971923;0.0018479958988804831
29.981454372406006;0.019479166716337204;1.7170165300369262;0.0
30.005316734313965;0.019479166716337204;1.5280160665512084;0.0
30.028608560562134;0.019479166716337204;1.6931780219078063;0.0
30.053969144821167;0.019479166716337204;1.746803104877472;0.0
30.078990936279297;0.019479166716337204;1.8012722253799438;0.0
30.103229522705078;0.019505208358168602;2.0202361822128294;-0.002771993782231249
30.128252744674683;0.01884765550494194;1.6422879338264464;0.0
30.15327739715576;0.01884765550494194;1.8021873950958252;0.0
30.17565369606018;0.01884765550494194;1.8031113624572752;0.0
30.199998378753662;0.01848958246409893;1.2209893941879273;-0.0018479958988804831
30.25782561302185;0.01738281175494194;1.4987640023231505;-0.000923997883350766
30.275110483169556;0.01676432229578495;1.6157984375953673;0.0
30.293542861938477;0.016347656026482582;1.5534469485282898;0.0
30.314178943634033;0.015930989757180214;1.4452109098434447;0.0
30.33840274810791;0.015097656287252903;1.5328477978706359;0.002771993782231249
30.364486932754517;0.015800781548023224;2.024935412406921;0.0
30.387994050979614;0.01595052145421505;2.0248279094696042;0.000923997883350766
30.41175937652588;0.01656249910593033;1.7273552656173705;0.0
30.436943531036377;0.016979167237877846;1.8399346590042114;0.0
30.460254430770874;0.017395833507180214;2.018889284133911;0.0
30.484328508377075;0.017812499776482582;1.9676058769226072;0.0
30.50671100616455;0.017812499776482582;1.9662263631820678;0.0
30.532066345214844;0.017812499776482582;2.0020259141921994;0.000923997883350766
30.555365800857544;0.01822916604578495;2.021411633491516;0.0
30.578249216079712;0.018645834177732468;2.272295379638672;0.000923997883350766
30.60101008415222;0.019062500447034836;2.3015926122665404;0.000923997883350766
30.62404489517212;0.020266927778720856;2.740035080909729;0.001847995766701532
30.647499799728394;0.021640624850988388;2.77754545211792;0.000923997883350766
30.67210054397583;0.02324218675494194;3.386349606513977;0.0018479958988804831
30.695696592330933;0.02532551996409893;4.57032322883606;0.0009239980155297171
30.721025705337524;0.028671875596046448;4.966524124145508;0.002771993782231249
30.745652675628662;0.03375000134110451;6.497741031646728;0.005543987564462498
30.769878387451172;0.044062498956918716;9.70127363204956;0.011087975128924996
30.793386220932007;0.05695963650941849;11.937254905700684;0.009239979097865562
30.817469358444214;0.06740885227918625;12.679079246520995;0.0073919835955219325
30.84020447731018;0.07697265595197678;15.15904197692871;0.009239979097865562
30.86384105682373;0.08893229067325592;16.93959274291992;0.0073919835955219325
30.887919664382935;0.09579426795244217;16.748641777038575;0.0027719943109470535
30.911670207977295;0.09925781190395355;17.779629707336426;0.0027719943109470535
30.93691372871399;0.10607422143220901;19.573080825805665;0.010163977642111084
30.96239161491394;0.13692057132720947;19.772705841064454;0.039731909909335596
30.985890865325928;0.20482422411441803;19.67003002166748;0.0683758457471778
31.009175062179565;0.31306639313697815;20.097393035888672;0.1025637686207667
31.033246755599976;0.4709309935569763;20.57705955505371;0.1367516914943556
31.056684017181396;0.6696484088897705;22.70838146209717;0.17186361502705325
31.081961393356323;0.9330078363418579;18.686030960083006;0.2014315515240042
31.10495638847351;1.20849609375;18.829189682006835;0.2254554840663027
31.12822651863098;1.514329433441162;19.662873458862304;0.243935463410666
31.151933670043945;1.8533658981323242;18.06511287689209;0.26888340507152614
31.17529034614563;2.2359375953674316;19.810957145690917;0.2818193635423312
31.200771808624268;2.6201303005218506;20.409054565429688;0.2818193635423312
31.23153328895569;3.1088085174560547;17.99605350494385;0.28274337266089283
31.293966054916382;4.0771484375;19.257656478881835;0.2753513843069287
31.31496000289917;4.402506351470947;20.050721740722654;0.27627537650658457
31.332027435302734;4.670006275177002;20.07977714538574;0.2799713791430195
31.351218461990356;4.976302146911621;20.67184238433838;0.28736335057807794
31.369484424591064;5.272272109985352;20.094849014282225;0.28736335057807794
31.388635873794556;5.579094886779785;19.6546199798584;0.2818193635423312
31.406589031219482;5.864518165588379;18.831984329223634;0.2864393752973278
31.42409062385559;6.1513214111328125;20.406057357788086;0.2975273493688212
31.446017742156982;6.522825717926025;18.25598316192627;0.3021473272860063
31.46350646018982;6.822402477264404;19.720079612731933;0.3049193208038796
31.48294234275818;7.1572136878967285;19.120765113830565;0.3012233181674447
31.502609968185425;7.482714653015137;20.110078811645508;0.2845913570602046
31.52139139175415;7.7769856452941895;18.647522163391113;0.26888340507152614
31.54052186012268;8.061419486999512;18.69209060668945;0.26149141671756193
31.56256103515625;8.38744831085205;19.59272747039795;0.2577954310000327
31.586232900619507;8.72706413269043;19.853980636596678;0.2568714218814711
31.608638048171997;9.0590238571167;18.36553916931152;0.26888340507152614
31.63136649131775;9.407415390014648;20.53304557800293;0.2790473700244579
31.654977798461914;9.78377628326416;19.22292423248291;0.2836673648605487
31.677265882492065;10.146263122558594;19.90619487762451;0.28828735969663954
31.700106620788574;10.511737823486328;19.724127388000486;0.2864393752973278
31.722500562667847;10.86947250366211;19.272996139526366;0.2799713791430195
31.746825456619263;11.248249053955078;19.3990608215332;0.26795939595296453
31.769068241119385;11.577402114868164;19.19805393218994;0.2550234374821594
31.790920734405518;11.890839576721191;19.5329532623291;0.2494794504464127
31.813827514648438;12.212421417236328;17.344202041625977;0.25040344264606856
31.837404251098633;12.539212226867676;18.78067817687988;0.24301145429210438
31.86234450340271;12.882819175720215;20.353355598449706;0.24116346989279266
31.885984420776367;13.205612182617188;17.30855827331543;0.24485945561032188
31.908934593200684;13.52092456817627;19.248575592041014;0.24023946077423106
31.93438220024109;13.857975006103516;16.31763439178467;0.23192348022061102
31.95710062980652;14.15047550201416;19.73331127166748;0.22453150878555259
31.981184720993042;14.451008796691895;19.004435348510743;0.2134435347140592
32.00499653816223;14.731751441955566;19.210604095458983;0.2014315515240042
32.02819585800171;14.99503231048584;18.793188858032227;0.1968115736068191
32.05396485328674;15.274094581604004;20.302660560607908;0.18849559305319907
32.07886362075806;15.53614616394043;19.483166313171385;0.1847995904167641
32.1020188331604;15.777806282043457;20.020426940917968;0.19126758657107243
32.125115633010864;16.028867721557617;19.59422264099121;0.19865955800613083
32.14926242828369;16.30418586730957;19.208437728881837;0.2023555606425658
32.17228841781616;16.56329345703125;19.485809898376463;0.1968115736068191
32.1964156627655;16.829837799072266;19.11676197052002;0.19126758657107243
32.22364783287048;17.123470306396484;18.83034152984619;0.19126758657107243
32.24612808227539;17.367551803588867;19.34270610809326;0.1968115736068191
32.27118372917175;17.649667739868164;19.42283592224121;0.20697553855975087
32.32688045501709;18.317533493041992;19.049379730224608;0.21251952559549758
32.34668207168579;18.546802520751953;18.72810173034668;0.19496357228860164
32.364301443099976;18.731895446777344;18.839597511291505;0.17093962282739739
32.38302826881409;18.89649772644043;18.44987640380859;0.13305571423627927
32.40234422683716;19.020469665527344;18.774709510803223;0.08777982575064985
32.42177224159241;19.093645095825195;18.323537063598632;0.03418794825194752
32.44356846809387;19.107948303222656;18.198459434509278;-0.018479958195731123
32.465508699417114;19.069576263427734;19.392640686035154;-0.03788391705057099
32.48579525947571;19.024497985839844;19.6279935836792;-0.04157990699782664
32.504953145980835;18.982872009277344;19.45580177307129;-0.035111921417834424
32.52781820297241;18.93817138671875;19.65665760040283;-0.027719939408459904
32.54760432243347;18.9111328125;19.40954418182373;-0.019403958854839864
32.56785774230957;18.89323616027832;19.255292701721192;-0.012011975788033737
32.588154554367065;18.879823684692383;19.369088745117185;-0.011087977243788214
32.60899567604065;18.87384796142578;19.26587047576904;0.003695991533403064
32.630192041397095;18.878320693969727;19.17846565246582;0.0018479961632383855
32.65042996406555;18.876802444458008;19.215295600891114;-0.0018479958988804831
32.670196533203125;18.875930786132812;19.26770553588867;0.0
32.691246032714844;18.87551498413086;19.212478637695312;0.0
32.71257758140564;18.875097274780273;19.114039421081543;0.0
32.732162952423096;18.8740291595459;19.12363872528076;-0.002771993782231249
32.75248956680298;18.871803283691406;19.155529975891113;-0.002771993782231249
32.772239446640015;18.869178771972656;19.182458496093748;-0.0018479958988804831
32.79263997077942;18.866561889648438;19.218758010864256;-0.002771993782231249
32.81550455093384;18.85940170288086;19.082064056396483;-0.012011972615738909
32.83533763885498;18.841686248779297;18.749621200561524;-0.02217595025784999
32.855289459228516;18.81247329711914;19.232345008850096;-0.033263926444206594
32.87594747543335;18.774524688720703;18.928468322753904;-0.033263926444206594
32.89660358428955;18.7324161529541;19.284494018554685;-0.039731909909335596
32.91783785820007;18.68655014038086;19.24723663330078;-0.03695991639146225
32.93715238571167;18.64368438720703;19.807958221435545;-0.03603591996207994
32.960331439971924;18.598365783691406;19.44956359863281;-0.03603591996207994
32.98400139808655;18.557636260986328;19.273111152648926;-0.024023947346341036
33.00691294670105;18.531888961791992;19.014625167846678;-0.019403958854839864
33.030471086502075;18.511381149291992;19.43740997314453;-0.006467988223571238
33.05526947975159;18.509153366088867;19.317123413085938;0.0018479958988804831
33.0806622505188;18.51072883605957;18.989768600463865;0.0
33.10483717918396;18.50992774963379;19.165215110778806;-0.000923997883350766
33.12805795669556;18.507701873779297;19.185144996643064;-0.003695991533403064
33.151355266571045;18.499004364013672;19.149635124206544;-0.012011972615738909
33.17390155792236;18.48229217529297;19.03919677734375;-0.015707964677857778
33.198657512664795;18.457258224487305;18.940321540832517;-0.024023945231477817
33.22701811790466;18.423431396484375;19.131643295288086;-0.02125195171360447
33.25043535232544;18.39336585998535;18.425696182250977;-0.026795938749351163
33.2733199596405;18.356979370117188;19.203833770751952;-0.027719937293596685
33.29846787452698;18.313034057617188;19.159924507141113;-0.03695991639146225
33.32194542884827;18.264896392822266;18.996063423156738;-0.03880791347995329
33.37816882133484;18.139713287353516;19.542911338806153;-0.04065591056844434
33.397780656814575;18.095020294189453;19.354485511779785;-0.04342790408631768
33.415851354599;18.05109977722168;19.233241081237793;-0.04250390342720894
33.43819808959961;17.994192123413086;19.22329330444336;-0.04712389403357333
33.4608473777771;17.928176879882812;19.475360870361328;-0.05543987458719337
33.482661724090576;17.854387283325195;19.31967601776123;-0.06745184931779549
33.5038378238678;17.766191482543945;19.107852745056153;-0.08131182113688867
33.524348735809326;17.653789520263672;19.213848495483397;-0.1007157757620021
33.54790925979614;17.521146774291992;18.540728187561033;-0.11827172906889805
33.56882905960083;17.37272834777832;17.63179836273193;-0.1312077044586089
33.58929395675659;17.2158145904541;20.346542358398438;-0.14137168633044642
33.61228346824646;17.026979446411133;19.86712474822998;-0.147839665565849
33.634888887405396;16.8339786529541;19.505439376831053;-0.15338365260159567
33.65551280975342;16.656198501586914;18.491184997558594;-0.15615564611946903
33.67783880233765;16.455013275146484;19.622805976867674;-0.16077564095555985
33.70034694671631;16.25229835510254;19.75330638885498;-0.15800364743768652
33.7229380607605;16.057754516601562;19.53427677154541;-0.1432196876486639
33.748335123062134;15.863405227661133;20.740654563903806;-0.12658771808197095
33.77302646636963;15.695657730102539;19.932028198242186;-0.11087975763383962
33.796936988830566;15.553092002868652;20.427322769165038;-0.09794378224412875
33.81997752189636;15.43172550201416;20.228176689147947;-0.0877798088317441
33.84292817115784;15.321081161499023;18.690013504028318;-0.08223582179599741
33.86738634109497;15.212356567382812;20.288218688964843;-0.07576783410114198
33.890132904052734;15.116406440734863;19.450212478637695;-0.07299584058326863
33.9141845703125;15.016555786132812;18.678053855895996;-0.07391984124237737
33.9368896484375;14.921243667602539;18.72593536376953;-0.07484384190148612
33.96178650856018;14.81420612335205;19.821298027038573;-0.07761583541935946
33.98601245880127;14.712766647338867;19.991472816467283;-0.07391984124237737
34.00920581817627;14.614212036132812;18.82375831604004;-0.07853982761901532
34.03405475616455;14.499120712280273;19.84208106994629;-0.08685580817263536
34.057032108306885;14.381939888000488;19.844511795043946;-0.09424779652659954
34.08223342895508;14.238372802734375;19.389755058288575;-0.10163977642111084
34.10488963127136;14.112435340881348;18.81848316192627;-0.10533577059809292
34.123626947402954;14.000455856323242;20.248779487609863;-0.10810776411596627
34.14005780220032;13.899277687072754;18.223338317871093;-0.11272775049260422
34.157594203948975;13.786770820617676;20.16188106536865;-0.11365175115171296
34.16452097892761;13.741972923278809;19.87261962890625;-0.11549974401047756
34.189905643463135;13.578203201293945;20.48473320007324;-0.10995575697473088
34.21273469924927;13.437350273132324;19.770177268981932;-0.09886778290323749
34.23816967010498;13.302669525146484;18.653791236877442;-0.0859318159729795
34.26088237762451;13.197961807250977;19.462963485717772;-0.07299584058326863
34.2845675945282;13.106491088867188;18.68623695373535;-0.06375586360026629
34.30592179298401;13.03318977355957;19.554714775085447;-0.05728788013513729
34.32936096191406;12.962057113647461;18.964347267150877;-0.052667889528772896
34.35165286064148;12.898138046264648;19.019536399841307;-0.049895896010899554
34.404703855514526;12.75951862335205;19.16037940979004;-0.04435190897515286
34.42237377166748;12.714362144470215;19.62667350769043;-0.04435190897515286
34.440181493759155;12.668664932250977;19.502280807495115;-0.049895896010899554
34.45676803588867;12.623827934265137;19.373644638061524;-0.04897189958151725
34.474101066589355;12.57455062866211;19.74060344696045;-0.050819896670008295
34.48075008392334;12.555286407470703;18.834469985961913;-0.050819896670008295
34.51028895378113;12.468229293823242;18.92233486175537;-0.05174389309939059
34.53521251678467;12.397767066955566;18.92493209838867;-0.05174389309939059
34.55782961845398;12.326438903808594;18.81291961669922;-0.052667889528772896
34.583683490753174;12.254088401794434;18.779888534545897;-0.056363883705754986
34.60669779777527;12.178176879882812;18.22191009521484;-0.06467986425937503
34.63193941116333;12.083541870117188;18.414702987670896;-0.07022385129512172
34.65555787086487;11.987051010131836;18.313709449768066;-0.07576783410114198
34.68007755279541;11.878339767456055;19.480423164367675;-0.08131182113688867
34.70496463775635;11.762232780456543;19.648278808593748;-0.08408381465476202
34.728275775909424;11.650482177734375;20.176444816589356;-0.08408381465476202
34.751333713531494;11.54183578491211;18.798424530029298;-0.08408381465476202
34.77412128448486;11.434674263000488;19.90221576690674;-0.08223582179599741
34.79842686653137;11.322975158691406;18.584268379211426;-0.08223582179599741
34.82136416435242;11.218476295471191;20.67321910858154;-0.07761583541935946
34.84404277801514;11.122422218322754;19.861223030090333;-0.06837585420663067
34.86960697174072;11.029394149780273;19.329115676879884;-0.060983870082392935
34.89519381523132;10.946542739868164;19.456515884399412;-0.05359189018788164
34.91863203048706;10.878828048706055;19.615421104431153;-0.050819896670008295
34.9409339427948;10.81541633605957;19.183642959594724;-0.052667889528772896
34.96530628204346;10.742155075073242;19.599444580078124;-0.05728788013513729
34.987913846969604;10.66551399230957;19.480866050720213;-0.06467986425937503
35.015562295913696;10.560227394104004;17.66338062286377;-0.07391984124237737
35.038082122802734;10.461699485778809;19.159553718566894;-0.08131182113688867
35.059247732162476;10.362825393676758;19.698203086853027;-0.08223582179599741
35.07727122306824;10.279980659484863;19.92700023651123;-0.08408381465476202
35.097015142440796;10.188118934631348;19.67629222869873;-0.08131182113688867
35.11539602279663;10.104849815368652;18.74179344177246;-0.07946382827812407
35.133131980895996;10.026790618896484;19.718043708801268;-0.07669183476025071
35.15252733230591;9.946413040161133;19.476624298095704;-0.07114784772450403
35.17086434364319;9.875234603881836;19.659210205078125;-0.06745185777724837
35.19093608856201;9.798392295837402;18.82188720703125;-0.061907870741501676
35.212262868881226;9.728333473205566;18.788586616516113;-0.060983870082392935
35.234360456466675;9.6533784866333;18.514699172973632;-0.061907870741501676
35.25330662727356;9.587630271911621;19.013092231750488;-0.06467986425937503
35.27252149581909;9.5156831741333;18.618334579467774;-0.07022385129512172
35.29497170448303;9.422167778015137;18.502482032775877;-0.07853982761901532
35.316978931427;9.321868896484375;18.33028163909912;-0.08500781531387075
35.34022617340088;9.207180976867676;18.22890701293945;-0.08962780169050871
35.364140033721924;9.08302116394043;18.443835639953612;-0.09424779652659954
35.387104988098145;8.961686134338379;19.011305236816405;-0.09424779652659954
35.4402813911438;8.70842456817627;19.763285064697264;-0.07391984124237737
35.45749640464783;8.639517784118652;19.961251831054685;-0.06467986425937503
35.477988481521606;8.567129135131836;19.918810272216795;-0.056363883705754986
35.501245737075806;8.497245788574219;19.440951347351074;-0.049895896010899554
35.52413725852966;8.434199333190918;19.43070831298828;-0.0461999060636439
35.54873013496399;8.366634368896484;18.750997924804686;-0.04897189958151725
35.571067333221436;8.301868438720703;18.881081199645994;-0.05451588661726394
35.594318866729736;8.225019454956055;18.767334938049316;-0.06005987365301064
35.61773729324341;8.141679763793945;19.612667655944822;-0.06837585420663067
35.64114546775818;8.044687271118164;19.320448493957517;-0.07761583541935946
35.66491508483887;7.9359636306762695;18.913147544860838;-0.08408381465476202
35.68790102005005;7.822903633117676;18.408425331115723;-0.0914758030087262
35.71117973327637;7.704616069793701;18.20917625427246;-0.08870380949085284
35.7363224029541;7.580625057220459;19.25807876586914;-0.0859318159729795
35.759225368499756;7.469400882720947;18.665002441406248;-0.0859318159729795
35.78372764587402;7.351940155029297;19.367385864257812;-0.08408381465476202
35.806570053100586;7.2426042556762695;19.826423835754394;-0.0877798088317441
35.830195903778076;7.1265950202941895;18.951307868957517;-0.0877798088317441
35.853222608566284;7.010885238647461;18.283356285095213;-0.0914758030087262
35.87609362602234;6.887545585632324;19.765544128417968;-0.09886778290323749
35.90020298957825;6.753671646118164;18.639296150207517;-0.1007157757620021
35.92307782173157;6.62617826461792;20.216620445251465;-0.0951717887262554
35.94852113723755;6.495501518249512;19.70173416137695;-0.08408381465476202
35.971083879470825;6.393951892852783;18.987003135681153;-0.07207184838361276
35.99668836593628;6.300533771514893;18.933279991149902;-0.056363883705754986
36.022175312042236;6.222590923309326;19.366670036315917;-0.04897189958151725
36.04579281806946;6.158769607543945;19.045362854003905;-0.047123902493026205
36.0692355632782;6.096875190734863;19.44198989868164;-0.05174389309939059
36.09410500526428;6.021230697631836;19.095948028564454;-0.061907870741501676
36.11949706077576;5.929791450500488;19.399265098571778;-0.07114784772450403
36.14169979095459;5.837981700897217;19.6345853805542;-0.0803878289372328
36.15943932533264;5.75265645980835;18.28357944488525;-0.0914758030087262
36.17748951911926;5.655514240264893;17.613343048095704;-0.09886778290323749
36.19323801994324;5.567090034484863;19.938151359558105;-0.10441176993898418
36.19903373718262;5.533014297485352;18.464666748046874;-0.10718376345685753
36.224655866622925;5.370325565338135;19.124989700317382;-0.11457574335136883
36.25030255317688;5.201230525970459;19.459156036376953;-0.11827173752835092
36.273101806640625;5.0465168952941895;19.302767372131346;-0.121967731705333
36.29660606384277;4.884010314941406;19.766721725463867;-0.12289172390498887
36.319918394088745;4.721184730529785;20.597013473510742;-0.1238157245640976
36.34498333930969;4.543209552764893;18.581636810302733;-0.1275117187410797
36.36946988105774;4.3711066246032715;18.0146427154541;-0.12289172390498887
36.39215850830078;4.214264392852783;18.82383041381836;-0.11642374466958631
36.41663646697998;4.058495998382568;18.79585819244385;-0.10533577059809292
36.472737550735474;3.7652082443237305;19.878390884399412;-0.0803878289372328
36.490681648254395;3.6849935054779053;19.23190383911133;-0.07761583541935946
36.50908350944519;3.6067774295806885;18.648617362976072;-0.07484384190148612
36.525373697280884;3.539375066757202;18.33507785797119;-0.07576783410114198
36.53222465515137;3.5095767974853516;18.687539863586426;-0.07576783410114198
36.55300688743591;3.4200847148895264;19.347382164001463;-0.07853982761901532
36.57026648521423;3.3422982692718506;17.90884780883789;-0.08131182113688867
36.58760094642639;3.2604100704193115;19.5160343170166;-0.08685580817263536
36.593284368515015;3.2305078506469727;18.797507858276365;-0.08962780169050871
36.62936210632324;3.033841133117676;19.77047595977783;-0.10163977642111084
36.65802073478699;2.868945360183716;20.06887321472168;-0.10441176993898418
36.68809628486633;2.6899282932281494;19.264205360412596;-0.10810776411596627
36.71981501579285;2.497102975845337;18.564300727844238;-0.10995575697473088
36.74917435646057;2.3107616901397705;18.8819429397583;-0.11549974401047756
36.77929663658142;2.1135611534118652;18.238667678833007;-0.11272775049260422
36.80744171142578;1.945299506187439;18.218473434448242;-0.09794378224412875
36.83765006065369;1.7894335985183716;20.42805404663086;-0.07761583541935946
36.86615872383118;1.6748502254486084;19.54805088043213;-0.06560386068875733
36.895660161972046;1.574244737625122;19.86027202606201;-0.052667889528772896
36.927300691604614;1.4868489503860474;18.929046821594238;-0.0461999060636439
36.95002102851868;1.4290950298309326;19.562990570068358;-0.04342791254577055
36.972034215927124;1.3738346099853516;19.209237670898435;-0.04435190897515286
36.99645018577576;1.3097461462020874;19.465483474731446;-0.052667889528772896
37.01997900009155;1.2373958826065063;19.499584007263184;-0.059135877223628334
37.04253125190735;1.1605533361434937;18.94932518005371;-0.061907870741501676
37.065935134887695;1.0767643451690674;19.693880653381346;-0.06467986425937503
37.089006185531616;0.9911002516746521;18.404314041137695;-0.06929985063601297
37.11454486846924;0.8909244537353516;18.846699142456053;-0.07114784772450403
37.14314842224121;0.7780468463897705;18.793901252746583;-0.06837585420663067
37.167370557785034;0.6845898628234863;18.875963973999024;-0.06837585420663067
37.189942598342896;0.595703125;19.476318740844725;-0.07207184838361276
37.214455127716064;0.4940820336341858;19.07617950439453;-0.07761583541935946
37.24183511734009;0.37056639790534973;15.332316970825195;-0.07853982761901532
37.26564621925354;0.2793554663658142;15.115953254699706;-0.05359189018788164
37.28820490837097;0.21996745467185974;14.878212547302246;-0.034187933447904995
37.31318736076355;0.17703776061534882;13.218425559997558;-0.027719949982775997
37.337043046951294;0.14906249940395355;14.770584297180175;-0.014783979880223177
37.360488176345825;0.1298893243074417;12.83704032897949;-0.01201198636234983
37.38542819023132;0.11431640386581421;12.74602117538452;-0.010163990331290396
37.40866804122925;0.1004752591252327;10.760088729858397;-0.011087988875535916
37.432536602020264;0.08783203363418579;11.622156715393066;-0.0055440013110734186
37.4552276134491;0.08169922232627869;12.008659172058104;-0.0036960058087297893
37.5113959312439;0.06061197817325592;8.060206317901612;-0.008315994828946766
37.5307137966156;0.053046874701976776;7.892034816741943;-0.006467999326603136
37.54769587516785;0.04646484553813934;7.38486213684082;-0.0055440013110734186
37.55355167388916;0.044218748807907104;7.359053707122802;-0.006467999326603136
37.575371980667114;0.035950519144535065;5.170202922821045;-0.008315994828946766
37.59958052635193;0.023769531399011612;4.209403896331787;-0.006467999326603136
37.622562885284424;0.018430989235639572;4.954775190353393;-0.0027720080575579743
37.64802002906799;0.014928385615348816;4.907008266448974;-0.0027720080575579743
37.67094969749451;0.012643229216337204;4.712371301651001;0.0
37.69642114639282;0.011321614496409893;4.885212421417236;-0.000923997883350766
37.72165369987488;0.01064453087747097;4.581246042251586;-0.000923997883350766
37.74584221839905;0.01051432266831398;4.912897539138794;0.0
37.770906925201416;0.010774740017950535;4.909865140914917;-0.002771993782231249
37.794288873672485;0.010162760503590107;4.279160213470459;0.0
37.81961417198181;0.010729166679084301;4.655941915512085;0.0
37.844727516174316;0.010468750260770321;4.791075897216797;0.002771993782231249
37.86797499656677;0.010885416530072689;5.754935646057128;0.0009239980155297171
37.891987323760986;0.011197916232049465;4.766026639938354;0.0
37.91591262817383;0.01114583294838667;4.352648878097534;-0.0018479958988804831
37.93925666809082;0.01114583294838667;4.871523284912109;0.0
37.964680671691895;0.011569010093808174;5.146387052536011;0.0
37.988014459609985;0.011868489906191826;5.257431364059448;0.000923997883350766
38.01127481460571;0.0126953125;5.699954652786254;0.000923997883350766
38.03410315513611;0.013821614906191826;5.5865452766418455;0.001847995766701532
38.057119607925415;0.01611328125;6.542680692672729;0.002771993782231249
38.083396673202515;0.019837239757180214;7.3540017127990716;0.003695991533403064
38.1059513092041;0.023515624925494194;7.496944141387939;0.002771993782231249
38.12950396537781;0.026731770485639572;8.15185546875;0.002771993782231249
38.15364122390747;0.030970051884651184;9.258974361419677;0.004619989548932781
38.17365074157715;0.03682291507720947;11.791322135925293;0.008315981611051649
38.19546151161194;0.04922525957226753;14.748385047912597;0.010163977642111084
38.21531414985657;0.06090494617819786;17.039348602294922;0.011087975128924996
38.239561319351196;0.07545573264360428;19.283362770080565;0.012011972615738909
38.26140809059143;0.09794922173023224;19.061881828308106;0.02587194231996886
38.28080415725708;0.13680990040302277;19.783959960937498;0.053591877498702326
38.30038237571716;0.21398437023162842;21.09085922241211;0.09055179389016457
38.319148540496826;0.3291145861148834;20.967285346984863;0.13213170511771766
38.34154415130615;0.5250455737113953;19.987885093688963;0.18572358261641997
38.36553192138672;0.812512993812561;21.21935977935791;0.2494794504464127
38.38811802864075;1.162513017654419;21.177634048461915;0.3086153234403146
38.4124014377594;1.617200493812561;21.584933280944824;0.3622071755606583
38.435601234436035;2.115436315536499;20.012554550170897;0.4074830809651935
38.46024560928345;2.708092451095581;20.092057800292967;0.43705100054323864
38.484445571899414;3.3175976276397705;20.474639511108396;0.4712389318762804
38.53971886634827;4.867180824279785;19.094614219665527;0.5239068425536855
38.56090450286865;5.516230583190918;18.107894325256346;0.5442347724595491
38.58503842353821;6.260970115661621;19.35896244049072;0.568258738839659
38.60807156562805;7.004231929779053;19.575432586669923;0.5793467129111525
38.631882190704346;7.781803607940674;19.02856407165527;0.5747267011561559
38.65486931800842;8.534492492675781;17.604732513427734;0.5821187064290257
38.682904958724976;9.459941864013672;18.247781181335448;0.5867387181840223
38.706117153167725;10.225071907043457;20.6357213973999;0.591358662263396
38.73023724555969;11.020305633544922;19.708676147460938;0.5858146752276493
38.75420832633972;11.804407119750977;20.16177291870117;0.5719547076382825
38.77776288986206;12.572903633117676;18.731747817993163;0.5710307323575324
38.801867961883545;13.348287582397461;19.660933685302734;0.575650744112529
38.826908111572266;14.156432151794434;18.659732437133787;0.5645627362032241
38.85116410255432;14.905071258544922;17.441935729980468;0.5497787594952958
38.874587059020996;15.661933898925781;17.517238426208497;0.5386907854238023
38.90010452270508;16.40544319152832;18.633298301696776;0.5303748048701823
38.92289352416992;17.078462600708008;19.58320026397705;0.5174388463993772
38.948050022125244;17.800273895263672;19.455921936035157;0.5045028879285721
38.971081256866455;18.45783805847168;20.222364234924317;0.4998828761735755
38.99812626838684;19.218151092529297;18.642646980285644;0.48879490210208215
39.021209478378296;19.838176727294922;18.12036724090576;0.4583029734054753
39.045884132385254;20.464271545410156;19.900241661071778;0.4278110447088685
39.069175720214844;21.005416870117188;18.363410568237303;0.39547113161294994
39.091782569885254;21.49543571472168;19.24807605743408;0.36035922499915807
39.1165452003479;21.97687530517578;19.47838897705078;0.32894328718398963
39.14053463935852;22.43116569519043;19.468956184387206;0.29105938705232437
39.166736364364624;22.82110023498535;18.687526130676268;0.26518743627290264
39.19075894355774;23.182889938354492;17.53091468811035;0.23377151537663998
39.21650815010071;23.479551315307617;17.562548446655274;0.19219161260853979
39.23899221420288;23.703990936279297;19.66299018859863;0.1524596942397513
39.263251543045044;23.88365936279297;18.063476943969725;0.10163981871837521
39.28625249862671;23.982330322265625;17.842483520507812;0.038807968466396975
39.309272050857544;23.997291564941406;18.448635292053222;-0.02587194231996886
39.33396673202515;23.936458587646484;18.527651023864745;-0.06467985579992215
39.357290506362915;23.83608055114746;19.448262405395507;-0.09332378740803793
39.38201904296875;23.688573837280273;18.52067642211914;-0.12658771808197095
39.40542483329773;23.50129508972168;18.61207065582275;-0.16447162667308907
39.42956519126892;23.25568389892578;19.59455394744873;-0.20327953592331593
39.452656269073486;22.98097038269043;18.350802040100096;-0.22360749966699098
39.47681713104248;22.662012100219727;19.528253173828123;-0.2365434581377961
39.501044511795044;22.33755874633789;19.117112159729004;-0.24670745692853935
39.524170875549316;21.999174118041992;19.813320922851563;-0.23377148153882849
39.58920097351074;21.220787048339844;20.09841785430908;-0.20050755932434833
39.60547590255737;21.043190002441406;19.287216567993163;-0.19403958008894576
39.612401247024536;20.96337890625;20.190220642089844;-0.1903435774525108
39.64094924926758;20.65725326538086;20.025271224975587;-0.19403958008894576
39.664143323898315;20.400007247924805;19.635919189453123;-0.2023555606425658
39.68678116798401;20.1397647857666;18.17833728790283;-0.20327955284222168
39.710366010665894;19.864524841308594;18.707849121093748;-0.21067154119618584
39.73411011695862;19.581315994262695;20.603562355041504;-0.2171395204315884
39.75753331184387;19.270313262939453;19.252609634399413;-0.22915148670273766
39.78267049789429;18.96240234375;19.896290016174316;-0.23284748933917263
39.805861711502075;18.6553897857666;19.98996047973633;-0.23469547373848434
39.830260038375854;18.333229064941406;19.636902809143066;-0.23561948285704595
39.852991342544556;18.03284454345703;19.294980812072755;-0.23007549582129927
39.876062631607056;17.734817504882812;19.661285591125488;-0.22730350230342591
39.901859521865845;17.39809226989746;20.098151779174803;-0.23931546857457517
39.92471528053284;17.08466148376465;18.782430839538574;-0.2531754361639419
39.949259996414185;16.726327896118164;19.239070701599122;-0.26980739727118197
39.972219705581665;16.363664627075195;19.858279037475587;-0.3002993428866946
39.99750638008118;15.919811248779297;19.130257987976073;-0.3243232754289931
40.02025747299194;15.494492530822754;18.84743728637695;-0.34187924565479477
40.04536414146423;15.003105163574219;19.29971866607666;-0.35204321060772653
40.06898474693298;14.533827781677246;19.464345359802245;-0.35758719764347324
40.09211206436157;14.063085556030273;20.21847610473633;-0.36035919116134657
40.117090940475464;13.558124542236328;20.27424545288086;-0.35851120676203485
40.14012908935547;13.06110668182373;20.59336738586426;-0.33725923389979817
40.16584801673889;12.625598907470703;20.614929771423338;-0.3049193208038796
40.18900394439697;12.244421005249023;17.251688575744627;-0.2799713791430195
40.213019371032715;11.873183250427246;19.9977144241333;-0.2633394180357794
40.241021156311035;11.456236839294434;19.434172439575196;-0.27165539858939947
40.26591920852661;11.065221786499023;19.39548854827881;-0.2836673648605487
40.28927993774414;10.692291259765625;21.13553066253662;-0.2855153661787662
40.31296467781067;10.304818153381348;19.781223678588866;-0.2975273493688212
40.33560490608215;9.924479484558105;20.007578086853027;-0.2984513246495713
40.36098909378052;9.48975944519043;18.64610252380371;-0.30676730520319134
40.384899377822876;9.070273399353027;18.901481437683106;-0.3206272727925581
40.40779209136963;8.651535987854004;19.35533866882324;-0.33448724038192484
40.43150210380554;8.197161674499512;21.264827728271484;-0.34095523653623316
40.45505952835083;7.750117301940918;19.218715095520018;-0.33541124950048645
40.4809627532959;7.25314474105835;17.204909133911134;-0.3437272300541065
40.50388288497925;6.810455799102783;19.24452781677246;-0.33448724038192484
40.527512311935425;6.369264125823975;19.537596702575684;-0.3233992663104314
40.55161118507385;5.946191310882568;18.89241771697998;-0.2984513246495713
40.57770586013794;4.84501314163208;19.658654022216798;-0.2624154089172178
40.64234685897827;4.5751495361328125;18.97689399719238;-0.2642634102354353
40.66228914260864;4.27566385269165;19.11412353515625;-0.27165539858939947
40.67969369888306;4.005911350250244;19.7577335357666;-0.2808953713426754
40.69656229019165;3.739023447036743;17.480092620849607;-0.2864393752973278
40.702399015426636;3.6420834064483643;18.592525291442872;-0.2855153661787662
40.72021555900574;3.3551433086395264;19.048852729797364;-0.2855153661787662
40.72721266746521;3.243138074874878;17.75319900512695;-0.2818193635423312
40.757951974868774;2.7629947662353516;20.015629005432128;-0.26795939595296453
40.781899213790894;2.401718854904175;20.906167030334473;-0.26518740243509115
40.80489492416382;2.0610287189483643;19.102054023742674;-0.2577954310000327
40.83096122741699;1.6866992712020874;20.802782249450683;-0.25132743484572445
40.85414528846741;1.3623046875;18.73699207305908;-0.23654347505670184
40.880873918533325;1.0177929401397705;20.497005271911622;-0.21067154119618584
40.904944896698;0.7447656393051147;19.442911720275877;-0.19496357228860164
40.926491498947144;0.5306835770606995;14.016634654998779;-0.14229569544900805
40.94839572906494;0.38403645157814026;12.957592964172363;-0.09517180564516114
40.97198009490967;0.27692708373069763;12.508248710632323;-0.06005988634218995
40.993353843688965;0.21443359553813934;13.643974113464354;-0.038807938858311915
41.01436448097229;0.1726367175579071;10.486808967590331;-0.03326395182256522
41.035898208618164;0.14227212965488434;12.122305870056152;-0.021251979206826314
41.05622482299805;0.12012369930744171;10.25353317260742;-0.017555988202139054
41.080535888671875;0.09566406160593033;7.471181201934814;-0.017555988202139054
41.102601051330566;0.07908203452825546;8.160015392303466;-0.009240007648519013
41.121337890625;0.06778645515441895;6.61466646194458;-0.01201200116639236
41.13842248916626;0.056692708283662796;5.831142139434815;-0.010164005135332926
41.14555835723877;0.05270833149552345;5.2231518745422365;-0.009240007648519013
41.18177890777588;0.03554036468267441;3.5494980812072754;-0.010164005135332926
41.21768546104431;0.018307290971279144;2.886540126800537;-0.003696020348414417
41.244988679885864;0.014010416343808174;2.770372152328491;-0.0027720223328847
41.262741565704346;0.011725260876119137;2.563735842704773;-0.0027720223328847
41.268150091171265;0.011022135615348816;2.5307178497314453;-0.0018480245817128853
41.2862765789032;0.009440104477107525;2.4863444566726685;-0.0018480245817128853
41.304237365722656;0.008326822891831398;2.6106511116027833;-0.000923997883350766
41.32249927520752;0.0072395834140479565;2.339543294906616;-0.001847995766701532
41.32928419113159;0.006692708469927311;2.3751688241958617;-0.000923997883350766
41.35810136795044;0.004602864384651184;1.8393151760101318;0.0
41.38356852531433;0.0031119792256504297;1.2599263787269592;-0.001847995766701532
41.40687131881714;0.0017252604011446238;1.0172775506973266;-0.000923997883350766
41.43107199668884;0.0009309895685873926;1.271574568748474;-0.000923997883350766
41.45400595664978;9.765625145519152e-05;1.1892490983009338;0.0018479958988804831
41.47995138168335;0.0007617187220603228;1.7783026456832884;0.0
41.50315761566162;0.0007291666697710752;1.5202253222465514;0.000923997883350766
41.526073694229126;0.0015625000232830644;1.4207539916038512;0.0
41.55026865005493;0.0018880207790061831;1.6327727437019348;0.001847995766701532
41.57214641571045;0.0023958333767950535;1.3424831628799438;0.0
41.597432374954224;0.0032291666138917208;1.1994292616844178;0.000923997883350766
41.62241291999817;0.004316406324505806;1.5714097023010254;0.000923997883350766
41.681564807891846;0.006562499795109034;1.582275116443634;0.0
41.70036196708679;0.006562499795109034;1.6288272142410278;0.0
41.716808557510376;0.006562499795109034;1.4803754210472106;0.0
41.74117875099182;0.006562499795109034;1.5270713925361632;0.0
41.76590180397034;0.0067252605222165585;1.7917846083641051;0.000923997883350766
41.7884886264801;0.006992187350988388;2.0503934383392335;0.0018479958988804831
41.8123414516449;0.0073958332650363445;1.465550422668457;0.0
41.83782362937927;0.00830078125;1.7305035352706908;0.0
41.861382722854614;0.008229166269302368;1.7394011735916137;0.0
41.88515782356262;0.008229166269302368;1.53105651140213;0.0
41.91092014312744;0.008229166269302368;1.5967678427696228;0.0
41.93546795845032;0.008229166269302368;1.455904233455658;0.0
41.958123445510864;0.008229166269302368;1.3957745790481566;0.0
41.98208022117615;0.008229166269302368;1.3082104325294495;0.0
42.004990339279175;0.00870442669838667;1.6437840700149535;0.0
42.030102014541626;0.0087890625;1.6368655800819396;0.000923997883350766
42.05324029922485;0.009492187760770321;1.81729896068573;0.0
42.07683873176575;0.009934895671904087;1.7134725809097289;0.0
42.101906061172485;0.00989583320915699;1.43809415102005;0.0
42.12506580352783;0.010312500409781933;1.6406635880470275;0.0
42.14894700050354;0.010729166679084301;1.6891694068908691;0.0
42.172136545181274;0.010729166679084301;1.7684069037437438;0.000923997883350766
42.19796109199524;0.01114583294838667;1.6593174934387207;0.0
42.22557783126831;0.01114583294838667;1.6063610315322876;0.000923997883350766
42.247882604599;0.01136067695915699;2.150998592376709;0.0018479958988804831
42.263814210891724;0.01197916641831398;1.6607218980789185;0.0
42.26910424232483;0.011549479328095913;1.1051960706710815;-0.0009239980155297171
42.28671097755432;0.012395833618938923;1.7941328287124634;0.0
42.30384969711304;0.012395833618938923;1.843490195274353;0.0
42.32048487663269;0.012884114868938923;1.8902277946472168;0.0
42.33923578262329;0.012812499888241291;1.7579457521438597;0.0
42.35784196853638;0.013033853843808174;2.0744019985198974;0.000923997883350766
42.37693667411804;0.013261718675494194;2.2775499343872068;0.0
42.396114349365234;0.013248697854578495;2.289130640029907;0.0
42.41565752029419;0.013040364719927311;2.5865989923477173;0.0009239980155297171
42.434643507003784;0.013229167088866234;1.8237027883529662;0.0
42.454312801361084;0.01344401016831398;2.1582045078277585;0.000923997883350766
42.472540616989136;0.013658854179084301;2.696489095687866;0.0009239980155297171
42.489511013031006;0.01406249962747097;1.441515040397644;-0.0018479958988804831
42.506752729415894;0.01406249962747097;2.034469485282898;0.0
42.52700114250183;0.014238281175494194;2.3576361894607545;0.000923997883350766
42.548428773880005;0.014479166828095913;2.1526340961456296;0.0
42.56794214248657;0.014895833097398281;2.197019290924072;0.0
42.58706068992615;0.015371093526482582;2.323317003250122;0.0
42.61233925819397;0.015468750149011612;2.5750343799591064;0.000923997883350766
42.63791227340698;0.015729166567325592;2.284384202957153;0.0
42.661874532699585;0.015729166567325592;2.324871826171875;0.0
42.72770643234253;0.015729166567325592;2.3246394395828247;0.0
42.747323751449585;0.015729166567325592;2.283244585990906;0.0
42.768526554107666;0.015729166567325592;2.3214531898498536;0.0
42.79261875152588;0.015729166567325592;1.5287884354591368;-0.0009239980155297171
42.81657385826111;0.015097656287252903;2.196938824653625;0.0
42.83991360664368;0.01487630233168602;1.9419909954071044;-0.000923997883350766
42.86585211753845;0.014680990017950535;2.3190284729003907;0.0
42.888916015625;0.014680990017950535;2.234387183189392;0.0
42.912527084350586;0.014680990017950535;2.278297519683838;0.002771993782231249
42.93545866012573;0.015312500298023224;2.279683256149292;0.0
42.959901571273804;0.015312500298023224;2.4074894428253173;0.0
42.98338031768799;0.015481770969927311;2.534083700180054;0.000923997883350766
43.00653100013733;0.015729166567325592;2.3732290506362914;0.0
43.03089618682861;0.015729166567325592;2.5320984363555907;0.0
43.054173946380615;0.015729166567325592;2.4873229265213013;0.0
43.07892370223999;0.015729166567325592;2.566595721244812;0.0
43.10293436050415;0.015729166567325592;2.570538568496704;0.0
43.12903189659119;0.015729166567325592;2.5665774822235106;0.0
43.15245723724365;0.01614583283662796;2.649813938140869;0.0
43.17575025558472;0.01614583283662796;2.690500044822693;0.0
43.19922661781311;0.01614583283662796;2.5396607637405393;0.0
43.22210431098938;0.01614583283662796;2.57363018989563;0.0
43.26386380195618;0.016119791194796562;3.3703956127166745;0.0
43.28683114051819;0.015514322556555271;2.532952666282654;0.0
43.310593605041504;0.015514322556555271;2.6574790477752686;0.0
43.33535289764404;0.015514322556555271;2.567587924003601;0.0
43.35985803604126;0.015514322556555271;2.6138905763626097;0.0
43.38319778442383;0.015514322556555271;2.61436607837677;0.0
43.405985832214355;0.016191406175494194;3.2083144426345824;-0.002771993782231249
43.43047547340393;0.01614583283662796;2.783563256263733;0.0
43.453269481658936;0.01614583283662796;2.9898369312286377;0.000923997883350766
43.47965049743652;0.01656249910593033;2.8315767288208007;0.0
43.50352239608765;0.016979167237877846;2.998940348625183;0.0
43.528990507125854;0.017395833507180214;3.116370892524719;0.0
43.55185556411743;0.017812499776482582;3.0951430320739743;0.0
43.57496380805969;0.01822916604578495;3.230117583274841;0.0
43.598588705062866;0.018645834177732468;3.260289645195007;0.0
43.62095856666565;0.019062500447034836;3.3336023569107054;0.0
43.6454701423645;0.019908854737877846;3.7904407024383544;0.0
43.66892886161804;0.020227864384651184;4.017279195785522;0.0
43.69413900375366;0.020944010466337204;4.155697917938232;0.002771993782231249
43.759767055511475;0.026601562276482582;6.157087182998657;0.002771993782231249
43.782779932022095;0.030169270932674408;6.833926963806152;0.003695991533403064
43.80479550361633;0.03697916492819786;9.098767089843749;0.009239979097865562
43.83072519302368;0.05188802257180214;12.516799163818359;0.010163977642111084
43.85545372962952;0.06488281488418579;14.2262864112854;0.008315981611051649
43.878483295440674;0.07610026001930237;16.48283100128174;0.009239979097865562
43.901525020599365;0.08934244513511658;18.5916446685791;0.0073919835955219325
43.92415475845337;0.09763021022081375;18.586826133728028;0.0055439880931783024
43.947858572006226;0.10843098908662796;19.82505054473877;0.019403956739976646
43.970969676971436;0.15301431715488434;19.68937282562256;0.05913586453444902
43.99618601799011;0.25990235805511475;20.34205684661865;0.09794378224412875
44.01910638809204;0.4095117151737213;19.578124237060546;0.14137168633044642
44.04215979576111;0.6209440231323242;20.100870895385743;0.19219156185182254
44.06587052345276;0.9059309959411621;21.408243942260743;0.24670745692853935
44.08884072303772;1.2546875476837158;19.62205410003662;0.3030713364045679
44.11413645744324;1.7009049654006958;18.195350646972656;0.3391072521369214
44.13689732551575;2.1629230976104736;19.935828781127928;0.3908511198579534
44.16054606437683;2.707955837249756;20.203548431396484;0.4342790070253653
44.18348670005798;3.293405055999756;21.15534725189209;0.4758589097934655
44.206435203552246;3.9789648056030273;19.54661922454834;0.5137428437629422
44.23306894302368;4.713561058044434;21.36968536376953;0.5451587815781107
44.25723385810852;5.487832069396973;20.28664455413818;0.5895107117018957
44.277995109558105;6.188385486602783;18.439473724365232;0.6264706027149993
44.29760408401489;6.880885601043701;21.22528038024902;0.6467985326208628
44.31505823135376;7.536471366882324;20.13926296234131;0.6643545366844761
44.33340787887573;8.22891902923584;19.87539882659912;0.688378435388963
44.3510377407074;8.920435905456543;18.184364318847656;0.6976184588989562
44.37060594558716;9.697005271911621;18.959413719177245;0.7031624459347029
44.387972354888916;10.387070655822754;20.344441223144532;0.7031624459347029
44.40533447265625;11.064127922058105;17.55325469970703;0.688378435388963
44.41161060333252;11.31029987335205;20.214266967773437;0.6763664860367196
44.44089603424072;12.3540620803833;18.172025299072263;0.5543987712502924
44.4649395942688;13.0307035446167;17.67337474822998;0.42134308239237167
44.48817229270935;13.4984769821167;15.068178176879883;0.2587194570375001
44.511372327804565;13.739400863647461;15.90040111541748;0.07669187705751508
44.535037994384766;13.740181922912598;17.051826667785644;-0.1025637686207667
44.558265686035156;13.522064208984375;17.703053283691407;-0.2577954310000327
44.582900285720825;13.085384368896484;16.4694242477417;-0.391775128976515
44.60593771934509;12.523711204528809;18.609360122680663;-0.4924909047385171
44.63048768043518;11.792519569396973;19.45403881072998;-0.5728787505946557
44.653071880340576;11.024023056030273;18.67291088104248;-0.6283186209521225
44.67594861984253;10.199296951293945;19.304823875427246;-0.6320145897507461
44.700576066970825;9.348639488220215;19.317269325256348;-0.6052186298527626
44.72315168380737;8.603964805603027;20.316328239440917;-0.551626777732419
44.74720048904419;7.888984203338623;18.951318168640135;-0.4804789215484621
44.79994440078735;6.647545337677002;19.82915496826172;-0.34834724180910304
44.820934534072876;6.257962226867676;21.806992721557616;-0.2984513584873828
44.843430519104004;5.905624866485596;20.163192558288575;-0.24578348164778924
44.8665075302124;5.616927146911621;19.664706802368162;-0.19958358404359822
44.888941287994385;5.380025863647461;18.977510261535645;-0.1737116501830822
44.91484618186951;5.126100063323975;19.502910804748534;-0.17093965666520888
44.93826222419739;4.901425838470459;18.790311813354492;-0.17186364886486474
44.96306133270264;4.65603494644165;19.254386329650877;-0.18295162293635814
44.98693919181824;4.405527114868164;19.313036155700683;-0.18572361645423147
45.01012182235718;4.164466381072998;17.860523414611816;-0.1690916553469914
45.033902406692505;3.957324266433716;20.41293067932129;-0.13859973510983745
45.056864500045776;3.7914583683013916;21.0998233795166;-0.09055184464688182
45.08292627334595;3.6974217891693115;20.38055534362793;-0.027719992280040368
45.105825662612915;3.696516990661621;19.827927589416504;0.032339927899961075
45.13068962097168;3.764785051345825;19.891753005981446;0.07022384283566885
45.15322470664978;3.882096290588379;20.608028984069822;0.1312077044586089
45.178457736968994;4.117766857147217;20.540996932983397;0.22730348538452017
45.21873497962952;4.826764106750488;22.58503074645996;0.41857105503668685
45.237359046936035;5.311920642852783;22.926803398132325;0.5303748048701823
45.25999188423157;6.059765815734863;21.193988227844237;0.6467985326208628
45.28033518791199;6.827187538146973;19.639762687683106;0.7327303316749366
45.29984998703003;7.668977737426758;19.386999893188477;0.7955622073052735
45.31896471977234;8.561783790588379;22.52221813201904;0.8436100723898705
45.338555335998535;9.509108543395996;21.84019889831543;0.8750260440428504
45.35637807846069;10.388379096984863;18.910268783569336;0.8814940063593473
45.37513542175293;11.313762664794922;17.937173652648926;0.8583940829356104
45.39489459991455;12.22916030883789;18.67588062286377;0.7955622073052735
45.41316318511963;13.007070541381836;15.981224441528319;0.7003904524168296
45.43357825279236;13.740455627441406;17.138651275634764;0.5617907426853508
45.45137619972229;14.250286102294922;16.90923957824707;0.4278110447088685
45.47388410568237;14.684349060058594;15.307213211059569;0.23284750625807837
45.49439287185669;14.866848945617676;15.649042510986327;0.06098391660938375
45.513235569000244;14.860982894897461;17.367671585083006;-0.09055179389016457
45.53593611717224;14.661738395690918;17.01569194793701;-0.23931545165566942
45.55897259712219;14.275703430175781;19.46868839263916;-0.367751162596405
45.58293342590332;13.735136985778809;17.2756404876709;-0.455530979887602
45.6057403087616;13.10384750366211;17.57695770263672;-0.5183628555179388
45.63061594963074;12.37874984741211;19.99408206939697;-0.5128188684821922
45.65368151664734;11.735482215881348;19.052792358398438;-0.46754296307765697
45.6786413192749;11.103554725646973;20.492071723937986;-0.4167230706373751
45.70390033721924;10.547148704528809;19.65812702178955;-0.36035922499915807
45.72740840911865;10.09611988067627;20.44809036254883;-0.31138731695818794
45.75123357772827;9.699199676513672;19.393445777893067;-0.2799713960619253
45.77644467353821;9.310032844543457;19.78930549621582;-0.2476314829660067
45.839476108551025;8.637812614440918;19.855997657775877;-0.13305574807409076
45.863746643066406;8.476614952087402;19.722113800048827;-0.10071581805926647
45.88688898086548;8.359375;20.250684928894042;-0.07576787639840635
45.91166424751282;8.266288757324219;20.315730857849122;-0.05174393539665497
45.934927463531494;8.210013389587402;19.620974349975587;-0.026795995850658064
45.95785427093506;8.184088706970215;19.528841972351074;-0.01201202971704581
45.982362031936646;8.164850234985352;19.394546127319334;-0.01663201926597859
46.004934310913086;8.1537504196167;19.535432052612304;0.0
46.02802491188049;8.157818794250488;19.028558921813964;0.0
46.05181407928467;8.154485702514648;19.21369915008545;-0.002771993782231249
46.07508873939514;8.149453163146973;18.931218338012695;-0.009239979097865562
46.09859609603882;8.128060340881348;18.245825958251952;-0.02494794377572334
46.12084722518921;8.085025787353516;18.84279899597168;-0.045275896945082286
46.144999265670776;8.017831802368164;18.986623764038086;-0.057287871675684415
46.17062830924988;7.929824352264404;19.508774757385254;-0.06467985579992215
46.195892095565796;7.837988376617432;19.708121681213377;-0.06283185871143111
46.22333002090454;7.746699333190918;18.834504318237304;-0.05636387524630211
46.247891664505005;7.673691272735596;19.282145690917968;-0.05174388463993772
46.270825147628784;7.611106872558594;18.952135276794433;-0.04619989760419103
46.29716634750366;7.544882774353027;19.472301864624022;-0.04157991122755308
46.32120060920715;7.490065097808838;19.31184139251709;-0.03603592419180638
46.340943574905396;7.451569080352783;19.460412597656248;-0.03233993212968751
46.360119104385376;7.424251079559326;19.474257087707517;-0.020327959513948606
46.37879800796509;7.407741069793701;19.303486633300782;-0.01016398292926913
46.398019790649414;7.403014183044434;19.337707328796387;0.0
46.41711926460266;7.4057159423828125;19.27404155731201;0.0009239980155297171
46.43517589569092;7.406146049499512;19.170210456848142;0.0
46.456371784210205;7.406146049499512;19.2904764175415;0.0
46.475839614868164;7.406146049499512;19.260722351074218;0.0
46.495933294296265;7.406146049499512;19.385490989685056;0.0
46.51499629020691;7.406146049499512;19.222076225280762;0.0
46.53372812271118;7.406146049499512;19.427941131591798;0.000923997883350766
46.55411410331726;7.4072980880737305;18.67832851409912;0.000923997883350766
46.579766273498535;7.408723831176758;19.610348510742188;0.000923997883350766
46.60224223136902;7.409062385559082;19.018130493164062;0.0
46.624191761016846;7.409062385559082;19.081765365600585;0.0
46.646483421325684;7.409062385559082;19.36676273345947;0.0
46.66855454444885;7.409062385559082;19.210379219055174;0.0
46.69081664085388;7.409062385559082;19.09518585205078;0.0
46.713900089263916;7.409062385559082;19.210743141174316;0.0
46.735949754714966;7.409062385559082;19.321444129943846;0.0
46.759448766708374;7.409062385559082;19.213601303100585;0.0
46.78378438949585;7.408431053161621;19.3254301071167;0.0
46.80633759498596;7.408014297485352;18.53412609100342;0.0
46.82917356491089;7.39376974105835;19.282741355895997;-0.011087975128924996
46.88650941848755;7.379817485809326;19.54325122833252;-0.016631963222103297
46.90540599822998;7.367702007293701;19.4082670211792;-0.003695993119550478
46.92832827568054;7.364655017852783;19.17457065582275;-0.001847997485027897
46.95108151435852;7.357975482940674;19.054148483276368;-0.010163977642111084
46.9761118888855;7.339095115661621;19.209507179260253;-0.018479958195731123
47.000062465667725;7.31074857711792;19.41327953338623;-0.02587194231996886
47.0229218006134;7.282486915588379;19.423072814941406;-0.019403956739976646
47.04696249961853;7.259544372558594;19.34618911743164;-0.01293597115998443
47.070215702056885;7.24442720413208;19.070705223083497;-0.011087976186356605
47.09325933456421;7.233828067779541;19.506543159484863;-0.0009239996016771311
47.117810010910034;7.2361979484558105;19.08969268798828;0.0
47.14091992378235;7.2332682609558105;19.235046958923338;-0.0018479958988804831
47.16493248939514;7.229186058044434;19.21201515197754;-0.002771993782231249
47.18711519241333;7.223867416381836;19.25171356201172;-0.005543987564462498
47.210721254348755;7.206979274749756;18.540093040466306;-0.02587194231996886
47.23377227783203;7.15744161605835;18.421675872802734;-0.05543987458719337
47.256590366363525;7.065839767456055;17.856314277648924;-0.08593180751352662
47.28121900558472;6.9388933181762695;18.920192527770997;-0.109955748515278
47.30461239814758;6.789433479309082;20.334277153015137;-0.11087974917438674
47.32819128036499;6.650735855102539;19.725553894042967;-0.09332378740803793
47.35148811340332;6.54170560836792;19.41976661682129;-0.06929984640628654
47.37428069114685;6.462786674499512;19.09910316467285;-0.05266788529904646
47.39809846878052;6.399114608764648;19.379716300964354;-0.04435190474542642
47.42084765434265;6.343072891235352;18.649087715148926;-0.042503907656935375
47.444615602493286;6.283307075500488;19.080076217651367;-0.04527590117480872
47.46733236312866;6.222395896911621;19.308519744873045;-0.04712389826329977
47.49000597000122;6.158450603485107;18.862955474853514;-0.04804789469268207
47.51584506034851;6.089095115661621;19.258276176452636;-0.05451587815781107
47.53983664512634;6.011328220367432;18.92877902984619;-0.05543987881691981
47.56600475311279;5.932122230529785;19.72012252807617;-0.05359188172842876
47.588786602020264;5.868040561676025;19.8772253036499;-0.031415933585441994
47.61380076408386;5.8579816818237305;20.68674945831299;0.03788391705057099
47.636873960494995;5.954023361206055;21.583201217651368;0.13767569215346434
47.66053318977356;6.233170509338379;21.858532333374022;0.32986726246473974
47.68401837348938;6.813444137573242;19.674470901489258;0.5710307323575324
47.71447801589966;8.303053855895996;29.640467834472656;1.223373319689765
47.73783206939697;10.07690715789795;29.640467834472656;1.4626886698319999
47.76387166976929;12.249075889587402;29.640467834472656;1.5042685726001002
47.78685665130615;14.189146995544434;29.640467834472656;1.486712703887733
47.811530113220215;16.21893310546875;29.640467834472656;1.4340448270481394
47.834895610809326;18.0634822845459;29.640467834472656;1.3628969031885594
47.860652923583984;19.99787139892578;29.640467834472656;1.2834331341266054
47.918651819229126;23.989492416381836;29.640467834472656;1.1864133610010383
47.93942213058472;25.373775482177734;29.640467834472656;1.1466814087944384
47.96354579925537;26.914518356323242;29.640467834472656;1.1161894800978316
47.986886978149414;28.364505767822266;29.640467834472656;1.080153564365478
48.01171040534973;29.848066329956055;29.640467834472656;1.0422696980716244
48.033894062042236;31.139375686645508;29.640467834472656;1.0163977134543911
48.056591749191284;32.48984909057617;29.640467834472656;0.9738938354055408
48.081812143325806;33.792396545410156;29.640467834472656;0.943401906708934
48.105040073394775;35.0059814453125;29.640467834472656;0.9156819715302005
48.12887477874756;36.216400146484375;29.640467834472656;0.8842660675528435
48.151920318603516;37.341697692871094;29.640467834472656;0.8519261206191135
48.17664289474487;38.526634216308594;29.640467834472656;0.8140421866496368
48.20003318786621;39.570167541503906;29.640467834472656;0.7853982761901532
48.228901386260986;40.8257942199707;29.640467834472656;0.7484383851770496
48.252928256988525;41.82438659667969;29.640467834472656;0.7207184499983161
48.27811098098755;42.8328971862793;29.640467834472656;0.6902265213017094
48.30107355117798;43.71018981933594;29.640467834472656;0.6597345926051025
48.32510566711426;44.61079406738281;29.640467834472656;0.6301666391892458
48.34893035888672;45.43277359008789;29.640467834472656;0.607066715765509
48.372053384780884;46.20828628540039;29.640467834472656;0.5821187741046487
48.39678382873535;47.004669189453125;29.640467834472656;0.556246823325227
48.41987872123718;47.70990753173828;29.640467834472656;0.5248308855100586
48.44534873962402;48.449745178222656;29.640467834472656;0.5026549373670719
48.47036170959473;49.14234924316406;29.640467834472656;0.4758590113069
48.493468284606934;49.7520637512207;29.640467834472656;0.4499870605274783
48.51780128479004;50.355098724365234;29.640467834472656;0.42596312798517977
48.54060101509094;50.88835906982422;29.640467834472656;0.40193916160506976
48.564430713653564;51.41666030883789;29.640467834472656;0.37883923818133286
48.58695101737976;51.8849983215332;29.640467834472656;0.35758726531909624
48.611273765563965;52.36509704589844;29.640467834472656;0.33725933541323266
48.63487505912781;52.79844284057617;29.640467834472656;0.31231139375237255
48.6579647064209;53.19664764404297;29.640467834472656;0.29567943264513247
48.6817512512207;53.58049392700195;29.640467834472656;0.27257947538358407
48.70484757423401;53.926361083984375;29.640467834472656;0.25317552075847066
48.730571031570435;54.28235626220703;29.640467834472656;0.23284757393370137
48.75327444076538;54.57145309448242;29.640467834472656;0.2143676115082438
48.777923583984375;54.85688018798828;29.640467834472656;0.1940396646834745
48.80192160606384;55.11199188232422;29.640467834472656;0.17740770357623442
48.82737183570862;55.3568115234375;29.640467834472656;0.16077574246899434
48.85029697418213;55.55208206176758;29.640467834472656;0.1404477871847722
48.87310528755188;55.73005676269531;29.640467834472656;0.12011983190055002
48.898841381073;55.88865280151367;29.640467834472656;0.10533587211152741
48.959524154663086;56.18166732788086;29.640467834472656;0.06375596511370078
48.97979712486267;56.2490234375;29.640467834472656;0.04804800466556944
49.00184774398804;56.301177978515625;29.640467834472656;0.037884027023458354
49.02295970916748;56.3371467590332;29.640467834472656;0.021252065916218275
49.04479694366455;56.35467529296875;29.640467834472656;0.004620104808978194
49.06675601005554;56.35832595825195;29.640467834472656;0.0
49.0876190662384;56.357173919677734;29.640467834472656;-0.000923997883350766
49.11094546318054;56.35675811767578;29.640467834472656;0.0
49.13199996948242;56.35749435424805;29.640467834472656;0.0
49.152419328689575;56.35675811767578;29.640467834472656;0.0
49.175981283187866;56.35749435424805;29.640467834472656;0.0
49.197248458862305;56.35749435424805;29.640467834472656;0.0
49.22281837463379;56.35749435424805;29.640467834472656;0.0
49.24801063537598;56.35749435424805;29.640467834472656;0.0
49.27033543586731;56.35749435424805;29.640467834472656;0.0
49.29630637168884;56.35749435424805;29.640467834472656;0.0
49.31928277015686;56.35749435424805;29.640467834472656;0.0
49.34276866912842;56.35749435424805;29.640467834472656;0.0
49.362311363220215;56.35749435424805;29.640467834472656;0.0
49.38111591339111;56.35749435424805;29.640467834472656;0.0
49.4005811214447;56.35749435424805;29.640467834472656;0.0
49.41911268234253;56.35749435424805;29.640467834472656;0.0
49.43900108337402;56.35749435424805;29.640467834472656;0.0
49.462002992630005;56.35749435424805;29.640467834472656;0.0
49.484949827194214;56.35749435424805;29.640467834472656;0.0
49.50779914855957;56.35749435424805;29.640467834472656;0.0
49.53164577484131;56.35749435424805;29.640467834472656;0.0
49.55385184288025;56.35749435424805;29.640467834472656;0.0
49.57999062538147;56.35749435424805;29.640467834472656;0.0
49.603537797927856;56.35749435424805;29.640467834472656;0.0
49.62797212600708;56.35749435424805;29.640467834472656;0.0
49.651148319244385;56.357635498046875;29.640467834472656;0.000923997883350766
49.676477670669556;56.36198425292969;29.640467834472656;0.004619989548932781
49.7001633644104;56.3704833984375;29.640467834472656;0.008315981611051649
49.72303342819214;56.380802154541016;29.640467834472656;0.0055439880931783024
49.74814295768738;56.38297653198242;29.640467834472656;-0.0018479958988804831
49.77104878425598;56.383487701416016;29.640467834472656;0.0018479958988804831
49.79499840736389;56.38313293457031;29.640467834472656;-0.002771993782231249
49.81990170478821;56.38247299194336;29.640467834472656;0.0009239980155297171
49.84523558616638;56.38374328613281;29.640467834472656;0.0
49.868433237075806;56.38374328613281;29.640467834472656;0.0
49.89093637466431;56.38300704956055;29.640467834472656;0.0
49.91491770744324;56.38300704956055;29.640467834472656;0.0
49.93793487548828;56.38300704956055;29.640467834472656;0.0
50.002277135849;56.38300704956055;29.640467834472656;0.0
50.01886796951294;56.38300704956055;29.640467834472656;0.0
50.03750729560852;56.38300704956055;29.640467834472656;0.0
50.05476951599121;56.38300704956055;29.640467834472656;0.0
50.0743043422699;56.38300704956055;29.640467834472656;0.0
50.09141778945923;56.38300704956055;29.640467834472656;0.0
50.11031889915466;56.38300704956055;29.640467834472656;0.0
50.13284158706665;56.38300704956055;29.640467834472656;0.0
50.15677785873413;56.38300704956055;29.640467834472656;0.0
50.180570125579834;56.38300704956055;29.640467834472656;0.0
50.20346546173096;56.38300704956055;29.640467834472656;0.0
50.22711205482483;56.382591247558594;29.640467834472656;0.0
50.24352288246155;56.382591247558594;29.640467834472656;0.0
50.24897599220276;56.382591247558594;29.640467834472656;0.0
50.267356872558594;56.382591247558594;29.640467834472656;0.0
50.28779697418213;56.382591247558594;29.640467834472656;0.0
50.30600714683533;56.382591247558594;29.640467834472656;0.0
50.32544946670532;56.382591247558594;29.640467834472656;0.0
50.348106145858765;56.382591247558594;29.640467834472656;0.0
50.3686408996582;56.382591247558594;29.640467834472656;0.0
50.39302158355713;56.382591247558594;29.640467834472656;0.0
50.416041135787964;56.382591247558594;29.640467834472656;0.0
50.43695139884949;56.38332748413086;29.640467834472656;0.0
50.45873212814331;56.38332748413086;29.640467834472656;0.0
50.48002028465271;56.382591247558594;29.640467834472656;0.0
50.498234033584595;56.382591247558594;29.640467834472656;0.0
50.51543045043945;56.382591247558594;29.640467834472656;0.0
50.5333297252655;56.382591247558594;29.640467834472656;0.0
50.55438446998596;56.382591247558594;29.640467834472656;0.0
50.57605695724487;56.382591247558594;29.640467834472656;0.0
50.59749460220337;56.382591247558594;29.640467834472656;0.0
50.61876368522644;56.382591247558594;29.640467834472656;0.0
50.642611026763916;56.382591247558594;29.640467834472656;0.0
50.66519737243652;56.382591247558594;29.640467834472656;0.0
50.686360597610474;56.382591247558594;29.640467834472656;0.0
50.7104926109314;56.382591247558594;29.640467834472656;0.0
50.73402953147888;56.382591247558594;29.640467834472656;0.0
50.75704312324524;56.3820915222168;29.640467834472656;0.0
50.7802677154541;56.38217544555664;29.640467834472656;0.0
50.802815198898315;56.38217544555664;29.640467834472656;0.0
50.826576948165894;56.38217544555664;29.640467834472656;0.0
50.85151767730713;56.38217544555664;29.640467834472656;0.0
50.87413716316223;56.38217544555664;29.640467834472656;0.0
50.89813470840454;56.38217544555664;29.640467834472656;0.0
50.920671701431274;56.38217544555664;29.640467834472656;0.0
50.94705128669739;56.38217544555664;29.640467834472656;0.0
50.969990253448486;56.38217544555664;29.640467834472656;0.0
51.034966468811035;56.382911682128906;29.640467834472656;0.0
51.05377388000488;56.382911682128906;29.640467834472656;0.0
51.075042724609375;56.382911682128906;29.640467834472656;0.0
51.09574246406555;56.382911682128906;29.640467834472656;0.0
51.116567850112915;56.38217544555664;29.640467834472656;0.0
51.13719892501831;56.38217544555664;29.640467834472656;0.0
51.160560846328735;56.38217544555664;29.640467834472656;0.0
51.18365669250488;56.38217544555664;29.640467834472656;0.0
51.20439052581787;56.38217544555664;29.640467834472656;0.0
51.22771596908569;56.38217544555664;29.640467834472656;0.0
51.25089144706726;56.38217544555664;29.640467834472656;0.0
51.271509647369385;56.38217544555664;29.640467834472656;0.0
51.29260492324829;56.38217544555664;29.640467834472656;0.0
51.31479835510254;56.38217544555664;29.640467834472656;0.0
51.33538103103638;56.38217544555664;29.640467834472656;0.0
51.356605052948;56.38217544555664;29.640467834472656;0.0
51.3798131942749;56.38217544555664;29.640467834472656;0.0
51.399266481399536;56.38217544555664;29.640467834472656;0.0
51.41628813743591;56.38217544555664;29.640467834472656;0.0
51.435704708099365;56.38217544555664;29.640467834472656;0.0
51.45129346847534;56.38217544555664;29.640467834472656;0.0
51.45819568634033;56.38217544555664;29.640467834472656;0.0
51.488760232925415;56.38175964355469;29.640467834472656;0.0
51.51323103904724;56.38175964355469;29.640467834472656;0.0
51.53550958633423;56.38175964355469;29.640467834472656;0.0
51.56000852584839;56.38175964355469;29.640467834472656;0.0
51.58377480506897;56.38175964355469;29.640467834472656;0.0
51.60584759712219;56.38175964355469;29.640467834472656;0.0
51.629775524139404;56.38175964355469;29.640467834472656;0.0
51.65153169631958;56.38175964355469;29.640467834472656;0.0
51.67356538772583;56.38175964355469;29.640467834472656;0.0
51.69653630256653;56.38175964355469;29.640467834472656;0.0
51.71885895729065;56.38175964355469;29.640467834472656;0.0
51.741066217422485;56.38175964355469;29.640467834472656;0.0
51.76536512374878;56.38175964355469;29.640467834472656;0.0
51.79037165641785;56.38175964355469;29.640467834472656;0.0
51.81448316574097;56.38175964355469;29.640467834472656;0.0
51.83680748939514;56.38175964355469;29.640467834472656;0.0
51.85983419418335;56.38175964355469;29.640467834472656;0.0
51.88346529006958;56.38175964355469;29.640467834472656;0.0
51.90578246116638;56.38175964355469;29.640467834472656;0.0
51.93103647232056;56.38175964355469;29.640467834472656;0.0
51.95381164550781;56.38175964355469;29.640467834472656;0.0
51.977768659591675;56.38175964355469;29.640467834472656;0.0
52.000998973846436;56.38175964355469;29.640467834472656;0.0
52.0240364074707;56.38175964355469;29.640467834472656;0.0
52.079566955566406;56.38175964355469;29.640467834472656;0.0
52.09824538230896;56.38134002685547;29.640467834472656;0.0
52.11711406707764;56.38134002685547;29.640467834472656;0.0
52.13780403137207;56.38134002685547;29.640467834472656;0.0
52.16305685043335;56.38134002685547;29.640467834472656;0.0
52.18585395812988;56.38134002685547;29.640467834472656;0.0
52.21098065376282;56.38134002685547;29.640467834472656;0.0
52.237956047058105;56.38134002685547;29.640467834472656;0.0
52.265132904052734;56.38134002685547;29.640467834472656;0.0
52.28828954696655;56.38134002685547;29.640467834472656;0.0
52.3126904964447;56.38134002685547;29.640467834472656;0.0
52.335732221603394;56.38134002685547;29.640467834472656;0.0
52.35934138298035;56.38134002685547;29.640467834472656;0.0
52.38279438018799;56.38134002685547;29.640467834472656;0.0
52.408461809158325;56.38134002685547;29.640467834472656;0.0
52.43180561065674;56.38134002685547;29.640467834472656;0.0
52.45486068725586;56.38134002685547;29.640467834472656;0.0
52.47969722747803;56.38134002685547;29.640467834472656;0.0
52.502426624298096;56.38134002685547;29.640467834472656;0.0
52.52602005004883;56.38134002685547;29.640467834472656;0.0
52.549142360687256;56.38134002685547;29.640467834472656;0.0
52.57180905342102;56.38134002685547;29.640467834472656;0.0
52.59504842758179;56.38134002685547;29.640467834472656;0.0
52.61825752258301;56.38134002685547;29.640467834472656;0.0
52.64079713821411;56.38134002685547;29.640467834472656;0.0
52.662662744522095;56.38134002685547;29.640467834472656;0.0
52.68272113800049;56.38134002685547;29.640467834472656;0.0
52.70268154144287;56.38134002685547;29.640467834472656;0.0
52.72275257110596;56.38134002685547;29.640467834472656;0.0
52.7418646812439;56.38134002685547;29.640467834472656;0.0
52.75952386856079;56.38134002685547;29.640467834472656;0.0
52.77702450752258;56.38134002685547;29.640467834472656;0.0
52.794416189193726;56.38134002685547;29.640467834472656;0.0
52.808528661727905;56.38134002685547;29.640467834472656;0.0
52.81390166282654;56.38134002685547;29.640467834472656;0.0
52.83684420585632;56.38134002685547;29.640467834472656;0.0
52.857654094696045;56.38134002685547;29.640467834472656;0.0
52.878986835479736;56.38134002685547;29.640467834472656;0.0
52.89879322052002;56.38134002685547;29.640467834472656;0.0
52.91867184638977;56.38134002685547;29.640467834472656;0.0
52.939077377319336;56.38134002685547;29.640467834472656;0.0
52.96080136299133;56.38134002685547;29.640467834472656;0.0
52.98304796218872;56.38134002685547;29.640467834472656;0.0
53.00304102897644;56.38134002685547;29.640467834472656;0.0
53.02343153953552;56.38134002685547;29.640467834472656;0.0
53.04470682144165;56.38134002685547;29.640467834472656;0.0
53.06535506248474;56.38134002685547;29.640467834472656;0.0
53.116424560546875;56.38134002685547;29.640467834472656;0.0
53.13612961769104;56.38134002685547;29.640467834472656;0.0
53.16423559188843;56.38134002685547;29.640467834472656;0.0
53.18683743476868;56.38134002685547;29.640467834472656;0.0
53.21298599243164;56.38134002685547;29.640467834472656;0.0
53.23585629463196;56.38134002685547;29.640467834472656;0.0
53.25918674468994;56.38134002685547;29.640467834472656;0.0
53.28281044960022;56.38134002685547;29.640467834472656;0.0
53.305922746658325;56.38134002685547;29.640467834472656;0.0
53.32973837852478;56.38134002685547;29.640467834472656;0.0
53.352959871292114;56.38134002685547;29.640467834472656;0.0
53.37703990936279;56.38134002685547;29.640467834472656;0.0
53.401522397994995;56.38134002685547;29.640467834472656;0.0
53.425031900405884;56.38134002685547;29.640467834472656;0.0
53.44852900505066;56.38134002685547;29.640467834472656;0.0
53.47148036956787;56.38134002685547;29.640467834472656;0.0
53.49433875083923;56.38134002685547;29.640467834472656;0.0
53.51712369918823;56.38134002685547;29.640467834472656;0.0
53.541890382766724;56.38134002685547;29.640467834472656;0.0
53.566980600357056;56.38134002685547;29.640467834472656;0.0
53.59009265899658;56.38134002685547;29.640467834472656;0.0
53.613593339920044;56.38134002685547;29.640467834472656;0.0
53.63354849815369;56.38134002685547;29.640467834472656;0.0
53.65227437019348;56.38134002685547;29.640467834472656;0.0
53.672789573669434;56.380592346191406;29.640467834472656;-0.000923997883350766
53.69212484359741;56.38116455078125;29.640467834472656;0.0
53.7117805480957;56.38124465942383;29.640467834472656;0.0
53.734628438949585;56.38124465942383;29.640467834472656;0.0
53.756566524505615;56.38124465942383;29.640467834472656;0.0
53.780481576919556;56.38124465942383;29.640467834472656;0.0
53.80384302139282;56.38124465942383;29.640467834472656;0.0
53.828829288482666;56.38124465942383;29.640467834472656;0.0
53.85382962226868;56.38124465942383;29.640467834472656;0.0
53.87746739387512;56.38124465942383;29.640467834472656;0.0
53.90082001686096;56.38124465942383;29.640467834472656;0.0
53.926329135894775;56.38124465942383;29.640467834472656;0.0
53.950231075286865;56.38124465942383;29.640467834472656;0.0
53.97523546218872;56.38124465942383;29.640467834472656;0.0
53.99842309951782;56.38124465942383;29.640467834472656;0.0
54.021740198135376;56.38124465942383;29.640467834472656;0.0
54.045639991760254;56.38124465942383;29.640467834472656;0.0
54.06884574890137;56.38124465942383;29.640467834472656;0.0
54.092397689819336;56.38124465942383;29.640467834472656;0.0
54.14613485336304;56.38124465942383;29.640467834472656;0.0
54.164310693740845;56.38124465942383;29.640467834472656;0.0
54.18365740776062;56.38124465942383;29.640467834472656;0.0
54.20444178581238;56.38124465942383;29.640467834472656;0.0
54.22511339187622;56.38124465942383;29.640467834472656;0.0
54.247371435165405;56.38124465942383;29.640467834472656;0.0
54.26988220214844;56.38124465942383;29.640467834472656;0.0
54.29475402832031;56.38124465942383;29.640467834472656;0.0
54.31970715522766;56.38124465942383;29.640467834472656;0.0
